type,name,age,breed,size,weight,dogs,cats,kids,energy,affection,new_people,training,image_url
Cat,Maxie,200,Persian/Himalayan,Unknown,5.19,2,2,2,2,2,2,3,https://new-s3.shelterluv.com/public/img/profile_photo/default_cat.png
Cat,Chloe,200,Domestic Longhair,Unknown,9.6,2,2,2,2,2,2,3,https://new-s3.shelterluv.com/public/img/profile_photo/default_cat.png
Cat,Mao,200,Domestic Shorthair,Unknown,11.3,2,2,2,2,2,2,3,https://new-s3.shelterluv.com/profile-pictures/7121674acf3d0a8a622c889fca1c20a8/20190910104553.png
Cat,Dean,137,Domestic Longhair,Unknown,12,2,1,1,2,2,2,3,https://new-s3.shelterluv.com/profile-pictures/72a8a2b8d9b80a05e1cb9fe9c4c1163a/20241208132958.png
Cat,Simba,159,Domestic Shorthair,Unknown,0.0,2,2,2,2,2,2,3,https://new-s3.shelterluv.com/profile-pictures/4dc32b0d93a7892930fbd9e2d70e8e7e/20190911105610.png
Cat,Reversi,140,Domestic Shorthair,Unknown,9,2,2,2,2,2,2,3,https://new-s3.shelterluv.com/profile-pictures/8becec302de90c1ab7409ade443aa133/20190910110649.png
Dog,Milo fka Sam,140,Mixed Breed (Medium),Medium (20-59),59.7,1,1,1,2,2,2,3,https://new-s3.shelterluv.com/profile-pictures/d9dc74b308ba54030d05189722ded854/20190914111736.png
Dog,Andi,166,Mixed Breed (Large),Large (60-99),53.8,3,1,3,2,2,3,3,https://new-s3.shelterluv.com/profile-pictures/b41d223b544a346b0248209c07202303/20220923101545.png
Cat,Arthur,223,Domestic Shorthair,Unknown,6.4,2,1,2,2,2,4,3,https://new-s3.shelterluv.com/profile-pictures/84ca3b30be0b452ec19251fc07ceaacb/20190910093246.png
Dog,Nebula,76,Mixed Breed (Medium),Medium (20-59),67.8,5,2,4,2,2,4,3,https://new-s3.shelterluv.com/profile-pictures/cd53be4b01f94be92ccd33fcc59f3556/20240609085851.png
Cat,Taylor Swift,146,Domestic Longhair,Unknown,12.4,2,2,2,2,2,2,3,https://new-s3.shelterluv.com/profile-pictures/94fab2460153bfe00253b9dacc3e56c4/20230821133927.png
Cat,Cardamom,56,Domestic Shorthair,Unknown,11.7,2,3,2,2,2,2,3,https://new-s3.shelterluv.com/profile-pictures/435873092a158ab90b90702c58d7f3f4/20220618094348.png
Dog,Apollo,97,Mixed Breed (Large),Large (60-99),68.6,3,3,3,2,2,2,3,https://new-s3.shelterluv.com/profile-pictures/3fa7f2f8cca9e0d7dd1361af64eac5f8/20220706115226.png
Dog,Ted,43,Mixed Breed (Large),Large (60-99),77,2,1,2,2,2,3,3,https://new-s3.shelterluv.com/profile-pictures/e79bd0bc942111eb7224c280cdf1f4e6/93843ae33d13bc52ec01d09cecc158e6.jpg
Cat,Pimms,79,Domestic Shorthair,Unknown,12.6,2,1,2,2,2,3,3,https://new-s3.shelterluv.com/profile-pictures/52cf2084b8b4dc290a30b98e14878c45/20240328092107.png
Dog,Curie,21,Mixed Breed (Medium),Medium (20-59),65.2,4,4,5,2,2,4,3,https://new-s3.shelterluv.com/profile-pictures/e1977dc383529a5d093cb37ad18ef50b/12631bd008fc6afceaf67888455127ec.jpg
Dog,Julio,105,Mixed Breed (Medium),Large (60-99),71,3,1,1,2,2,3,3,https://new-s3.shelterluv.com/profile-pictures/328a740690b5610408b7122a92893c1b/20240321085359.png
Dog,Birdie,90,Mixed Breed (Large),Large (60-99),82.4,1,3,2,2,2,5,3,https://new-s3.shelterluv.com/profile-pictures/044efc01107705615afe80486da1d563/4b36c323583039e636422db0c9d2c690.jpeg
Cat,Rosie,69,Domestic Shorthair,Unknown,6.6,2,2,3,2,2,4,3,https://new-s3.shelterluv.com/profile-pictures/0d70b08131f4658867e1160b1e768a79/20240321082737.png
Cat,Swiss,14,Domestic Shorthair,Unknown,7.25,3,5,5,2,2,5,3,https://new-s3.shelterluv.com/profile-pictures/92a094402292c9168465a512945e60bc/9217b7d7fca9fffa06734a2e86bb14ff.jpg
Dog,Alexandra,82,Mixed Breed (Medium),Medium (20-59),33,3,2,2,2,2,3,3,https://new-s3.shelterluv.com/profile-pictures/44cafd961ee8fcf4cc7e4ed7314bd04f/20221209084753.png
Dog,Noodle,64,Mixed Breed (Medium),Medium (20-59),59,3,2,2,2,2,2,3,https://new-s3.shelterluv.com/profile-pictures/6c465c963ae85e2c73d88ee015208c49/20230725123806.png
Dog,Appa,88,Mixed Breed (Large),Medium (20-59),63,1,1,4,2,2,4,3,https://new-s3.shelterluv.com/profile-pictures/98fd39c5c7b872d0f95d994a243a392d/20230304114813.png
Cat,Stardust,41,Domestic Shorthair,Unknown,10.63,3,2,2,2,2,5,3,https://new-s3.shelterluv.com/profile-pictures/4fa2589533c1e6d8176d7e446f2cf32c/a24c070fb1fce50a243862e5b1c531f0.jpg
Cat,Daisy,66,Domestic Shorthair,Unknown,8.67,2,4,2,2,2,4,3,https://new-s3.shelterluv.com/profile-pictures/3a2010e1ec871ceb9a056be273872bb3/20241206143427.png
Cat,Twin,182,Domestic Longhair,Unknown,9.6,3,3,3,2,2,4,3,https://new-s3.shelterluv.com/profile-pictures/ffddb84562f68504b9468bac5c8c1465/20241208065035.png
Dog,Calum,153,Mixed Breed (Large),Large (60-99),67,3,2,1,2,2,3,3,https://new-s3.shelterluv.com/profile-pictures/b16fe0c45ffd1c5fd3f9f052568dd503/20240321081045.png
Cat,Leah,111,Domestic Shorthair,Unknown,13.3,2,3,2,2,2,3,3,https://new-s3.shelterluv.com/profile-pictures/cb285e3abb5bfd76fc2aaeb40f7687fb/20240321083100_0.png
Cat,Inosuke,54,Domestic Shorthair,Unknown,10.88,1,3,5,2,2,5,3,https://new-s3.shelterluv.com/profile-pictures/c72e691ef467521f754339102478f91e/2356755cedea0d9d22b46ddadd7a3566.jpg
Dog,Dunkin,64,Mixed Breed (Medium),Small (1-19),71,3,1,3,2,2,3,3,https://new-s3.shelterluv.com/profile-pictures/df16d1970b05d2c977ce4e4801cb7b53/20240205125718.png
Dog,CJ,81,Mixed Breed (Large),Large (60-99),92,3,1,4,2,2,5,3,https://new-s3.shelterluv.com/profile-pictures/46bd5dc7a97d2263bd77276311a463fa/20240408132817.png
Cat,Tesla,123,Domestic Shorthair,Unknown,5.76,2,3,3,2,2,4,3,https://new-s3.shelterluv.com/profile-pictures/6e642940a667a76ec894d985a12da1e1/20230725130119.png
Dog,Teddy,110,Mixed Breed (Large),Large (60-99),62,3,2,1,2,2,3,3,https://new-s3.shelterluv.com/profile-pictures/3cb4423931d455e9db75519a9d8e03d8/20240328092850.png
Dog,Peaches,50,Mixed Breed (Large),Large (60-99),45,2,1,5,2,2,5,3,https://new-s3.shelterluv.com/profile-pictures/058e1f0215acd35f3e8e4dd16cb53571/20220808085233.png
Cat,Marcy,74,Domestic Shorthair,Unknown,8.6,2,4,2,2,2,3,3,https://new-s3.shelterluv.com/profile-pictures/e8296eb5ae27a8296ae2d9dedc19daa8/20240328094818.png
Dog,Strawberry,77,Mixed Breed (Large),Large (60-99),56.6,1,2,2,2,2,3,3,https://new-s3.shelterluv.com/profile-pictures/0f1d8d0163870351c1422a8bc83022de/20240508145033.png
Cat,Hanna,150,Domestic Shorthair,Unknown,12.18,2,1,2,2,2,3,3,https://new-s3.shelterluv.com/profile-pictures/0e6dac5d5f0f6b46cfda966cb1119584/20210610155848.png
Cat,Sprinkles,58,Domestic Shorthair,Unknown,18.94,2,2,2,2,2,4,3,https://new-s3.shelterluv.com/profile-pictures/1d299eeb5d5ae3dfe53a4b04d55734ef/bcb7f0f14e9000d6afb1189bd691cf86.jpg
Cat,Sookie,53,Domestic Shorthair,Unknown,9.18,2,3,2,2,2,3,3,https://new-s3.shelterluv.com/profile-pictures/c55e91d785625f343957b1befd19e342/20240516064117.png
Dog,Hazel FKA Rayne,26,Mixed Breed (Medium),Medium (20-59),39,4,2,4,2,2,4,3,https://new-s3.shelterluv.com/profile-pictures/c789619f0e230bc2625247fb1d74a162/5fcb0ff7630ac4046c43c8e0f8f5580a.jpg
Cat,Maya,76,Domestic Shorthair,Unknown,8.16,2,3,3,2,2,3,3,https://new-s3.shelterluv.com/profile-pictures/a2c2677ae06fb27060cdb3a0a6b4fe1b/20240328100929.png
Dog,Brownie,30,Mixed Breed (Medium),Medium (20-59),46,4,2,4,2,2,5,3,https://new-s3.shelterluv.com/profile-pictures/74cfaccf73f0d570384f40902715c8ab/a3bd737113af12853cbd686d55a77a7f.jpg
Cat,Yuki,150,Domestic Shorthair,Unknown,11.63,2,3,4,2,2,3,3,https://new-s3.shelterluv.com/profile-pictures/97824d60ae5031ba834737b38bcc8764/20230508064533.png
Dog,Betty White fka Daisy,72,Mixed Breed (Medium),Medium (20-59),48.6,1,1,3,2,2,4,3,https://new-s3.shelterluv.com/profile-pictures/e97f86486d77f3bd77bf13aaba2b971e/8d39d5e4d5a9320a75068089cb90facb.jpg
Cat,Hey It's Franklin,106,Domestic Shorthair,Unknown,11.88,2,2,2,2,2,3,3,https://new-s3.shelterluv.com/profile-pictures/b6fa2a071f5db5429e38c073ef0f5e28/7f6b1ba6adc4e5215267e2fe65b6a3dd.jpeg
Dog,Banh Mi,19,Mixed Breed (Medium),Unknown,54.8,3,1,4,2,2,4,3,https://new-s3.shelterluv.com/profile-pictures/4055fc9bc5003d4865b527395767034b/129949c2395182f9f83b794cc9be520d.jpg
Cat,Michita,15,Domestic Shorthair,Unknown,6.8,5,5,3,2,2,4,3,https://new-s3.shelterluv.com/profile-pictures/5f612406acdff9c772a953e870fd212a/730f854208571b6751d50f603e1b5ae4.jpeg
Cat,Michuna,15,Domestic Shorthair/Domestic Shorthair,Unknown,8.67,5,5,3,2,2,4,3,https://new-s3.shelterluv.com/profile-pictures/211ce4cb0f1ee1f8aebb81fa8c7b0aa2/222d257dce27f459e43c8857dc3ace37.jpeg
Cat,Calimero,25,Domestic Shorthair,Unknown,14,1,1,3,2,2,4,3,https://new-s3.shelterluv.com/profile-pictures/17f9f5baf3568438e5fb61ae6d48fd1b/9384b1acf43c077607461cfdc8fd4777.jpg
Cat,Gru,188,Domestic Shorthair,Unknown,8.4,2,4,2,2,2,4,3,https://new-s3.shelterluv.com/profile-pictures/540e36048075706e9712ba41c52038e0/7237c588d404f33de4615d613803ce17.jpg
Dog,Fancy Fred,11,Mixed Breed (Large),Unknown,46,3,2,4,2,2,3,3,https://new-s3.shelterluv.com/profile-pictures/80a20a40eb81a5d36049659fd1f169df/d47af568128a7c9be8f916c7eb4cff95.jpg
Dog,Ryder,91,Mixed Breed (Medium),Unknown,61,4,1,4,2,2,4,3,https://new-s3.shelterluv.com/profile-pictures/4255ed59ccd88bb747c9d553b23d3417/66364f078830a1569bc8f15173ce67bd.jpg
Cat,Princess Bean,16,Domestic Shorthair,Unknown,7.94,2,2,2,2,2,3,3,https://new-s3.shelterluv.com/profile-pictures/be44de4e6b95c69462745bc7e60c6710/82ea01175858aad6dcedbbe9aebe9a3f.jpeg
Cat,Stevie Wonpurr,19,Domestic Shorthair,Unknown,12.5,2,2,2,2,2,4,3,https://new-s3.shelterluv.com/profile-pictures/b7b8c69dadfa351fe966943f279c2e26/c5eb66bef701155efc526566d1eb2900.jpg
Cat,Stanley Michael,7,Domestic Shorthair,Unknown,6.51,2,2,2,2,2,3,3,https://new-s3.shelterluv.com/profile-pictures/b462996bf1b60315f6d334f7c55b071c/97a4e090eef136079413f3f1647e122a.jpg
Cat,Georgia O'Keeffe,41,Domestic Shorthair,Unknown,7.69,2,1,3,2,2,4,3,https://new-s3.shelterluv.com/profile-pictures/0757e78f746daa97c953f203004641fb/07815b09e228a4e0b2b49b6c9ae17104.jpg
Cat,Sir Georgie,7,Domestic Shorthair,Unknown,4.8,2,2,2,2,2,2,3,https://new-s3.shelterluv.com/profile-pictures/40660cad50c63de1dbd90c048d7a24c1/211454ebeb744ec9bbc26db357b8a45d.jpg
Cat,Luna Fry,18,Domestic Shorthair,Unknown,6.46,2,2,4,2,2,4,3,https://new-s3.shelterluv.com/profile-pictures/e812e7b4ca158762b51cc48065f13f11/5b8800b3412f8ab7b1a3cd4e866079fa.jpg
Cat,MooMoo,13,Domestic Shorthair,Unknown,7.53,2,1,2,2,2,3,3,https://new-s3.shelterluv.com/profile-pictures/2892f8961eee578fb011f81360889444/2a11aea6e01187831cca6e7e452dda19.jpg
Cat,Power,19,Domestic Shorthair,Unknown,8.67,3,4,2,2,2,4,3,https://new-s3.shelterluv.com/profile-pictures/7a9c0d465d45a80017280440328e1590/490e4929853a87d6a2e010f0f36ae2ad.jpg
Cat,Carmen San Diego,65,Domestic Shorthair,Unknown,10.1,2,4,2,2,2,4,3,https://new-s3.shelterluv.com/profile-pictures/8b52221706bc98fb1e74ac620e28057e/bd477d2694838992849414807e1fc566.jpg
Dog,Winston,81,Mixed Breed (Medium),Medium (25-59),49.2,3,2,3,2,2,3,3,https://new-s3.shelterluv.com/profile-pictures/b78500bd59b8dd52f1c8206800593635/504ef61288c891864148e5a9fdfa93cd.jpeg
Dog,Millie,110,Mixed Breed (Medium),Medium (25-59),49,3,1,3,2,2,3,3,https://new-s3.shelterluv.com/profile-pictures/ecc63528ea2ba71ae656b8b06ae3aa34/b196f95aa5e63e4219dec528b7f097f9.jpg
Cat,Limahl,5,Domestic Shorthair,Unknown,1.433,2,3,2,2,2,3,3,https://new-s3.shelterluv.com/profile-pictures/623df3a9474490a688cc84ba388d1d1c/7e7731bff6e9d64bccaee1a1c8456e91.jpg
Cat,Mochi,6,Domestic Shorthair,Unknown,4.46,2,3,2,2,2,3,3,https://new-s3.shelterluv.com/profile-pictures/9c34c19166d258a3899df61bc7e946ed/454156bd16ca5eaa7a4f2b9ca17ab7ff.jpg
Cat,Yoshi,21,Domestic Shorthair,Unknown,13.4,3,2,2,2,2,4,3,https://new-s3.shelterluv.com/profile-pictures/f8e581c38c095ed65b306b2b480c7c7c/190168a83a4d2822bfc57fceb19c7948.jpg
Cat,Lucy Goosey,6,Domestic Shorthair,Unknown,3.2,2,4,4,2,2,3,3,https://new-s3.shelterluv.com/profile-pictures/94a376e0dae26bbf8a209e091c64257b/ab6a1660d8ee0eb3db1e4c0770622dd5.jpg
Dog,Angel,64,Mixed Breed (Medium),Unknown,44.7,3,2,2,2,2,4,3,https://new-s3.shelterluv.com/profile-pictures/600896751868326c1b0627fcadd857ef/0abab1d897326795988f6adf7a28f11d.jpg
Dog,Copper,76,Mixed Breed (Large),Unknown,47,3,2,2,2,2,5,3,https://new-s3.shelterluv.com/profile-pictures/c052e4e1359fc6ba0fb4cd68d47741ef/ca169b6d8da3ae37a0482bc416a20be1.jpg
Dog,Little Bit,28,Mixed Breed (Small),Unknown,10.2,3,2,2,2,2,2,3,https://new-s3.shelterluv.com/profile-pictures/11ab3f2c76d4947be4d59a9c75267fc4/89f82e5bc5d167b3bc8ef30df8a779ce.jpeg
Cat,Tig,7,Domestic Shorthair,Unknown,4.6,3,3,4,2,2,3,3,https://new-s3.shelterluv.com/profile-pictures/902bd8a727ee3058346d789f5ef9585a/3b22edd64a4ee82053691920f6529e53.jpeg
Cat,Lingshi,7,Domestic Shorthair,Unknown,5.9,3,3,4,2,2,3,3,https://new-s3.shelterluv.com/profile-pictures/ef34159a64629d814ecb8f159432f277/bae4344d42903718cd755499b8c357b2.jpg
Dog,Smoochie Pooch,64,Mixed Breed (Medium),Unknown,51.2,3,2,5,2,2,5,3,https://new-s3.shelterluv.com/profile-pictures/3b90f4e3c6f695259bff857d69f5f48f/6c227d04af3ad412b93d09cf07df0ba0.jpg
Dog,Dreamer,13,Mixed Breed (Medium),Unknown,50.6,4,2,3,2,2,3,3,https://new-s3.shelterluv.com/profile-pictures/09785d6b686c6a8e86f9e65deb420955/694f2b384e0bc9150a9ef81da033ed52.jpg
Cat,Alfred Pennyworth,5,Domestic Shorthair,Unknown,5.2,2,2,2,2,2,2,3,https://new-s3.shelterluv.com/profile-pictures/92148166a656ba744c5e078f8fa7d5f5/12175305c1fcb7b0660ec48f2f7776f8.jpg
Cat,Helo,40,Domestic Shorthair,Unknown,11.14,1,3,2,2,2,3,3,https://new-s3.shelterluv.com/profile-pictures/e1aa2db7d6de7ecaf89f8463ae9cffc1/a2250ae6d2ab4d3a867568641d9360ad.jpg
Cat,Domino,5,Domestic Shorthair,Unknown,2.95,2,3,2,2,2,3,3,https://new-s3.shelterluv.com/profile-pictures/ee36994c9aaa590943f2a1156bffe09a/413ec35586cd7972fb4850d738e84f00.jpg
Cat,Mei Mei,5,Domestic Shorthair,Unknown,4.62,2,3,2,2,2,3,3,https://new-s3.shelterluv.com/profile-pictures/d87a6a9df9a1f2328769ee7e4178cdea/e146e737073c17f0b6056204078303d0.jpg
Cat,Simba,54,Domestic Shorthair,Unknown,11.13,2,2,2,2,2,2,3,https://new-s3.shelterluv.com/profile-pictures/cb9a058b9ffd208bd4e759c87b5fa48f/d85bdff8c4bb18f8edccccb206f64e0e.jpg
Cat,Lydia,4,Domestic Shorthair,Unknown,0.97,2,2,2,2,2,2,3,https://new-s3.shelterluv.com/profile-pictures/32c8b06beb873ed064c25873dc764ccb/a6ffe3c0168a2474e77ce1ecbdaf0f45.jpg
Dog,Danzig,16,Mixed Breed (Medium),Medium (25-59),58,4,4,4,2,2,5,3,https://new-s3.shelterluv.com/profile-pictures/ca52092ad8b7977e00c7f0b76bfb75b1/5f4327b89bac7bb3815c9dcdfa32b7fe.jpg
Cat,Mina,5,Domestic Shorthair,Unknown,4.56,2,3,2,2,2,3,3,https://new-s3.shelterluv.com/profile-pictures/c9c871ebc00f43a7f2d6c460875c3e2b/2c0f70ce7f39ead840b44e96e718bfb4.jpeg
Cat,Lucy,5,Domestic Shorthair,Unknown,2.68,2,3,2,2,2,3,3,https://new-s3.shelterluv.com/profile-pictures/bf19128d6cb9d0a7177e5f841575a00b/2178a2a48bb6c8907c9ef371120f76fd.jpeg
Cat,Hange,4,Domestic Shorthair,Unknown,2.9,2,3,2,2,2,3,3,https://new-s3.shelterluv.com/profile-pictures/f2e1b4b9880d9201888ae7fd28cda231/c196b8b16228253be9a3a2a6ffeb24b9.jpeg
Dog,Queenie,47,Mixed Breed (Medium),Medium (25-59),66,4,1,4,2,2,5,3,https://new-s3.shelterluv.com/profile-pictures/537670701651f56246c07dc23078240e/fe84d6a2566c5939b7e969033b8de990.jpg
Cat,Xena,39,Domestic Shorthair,Unknown,6.65,2,2,2,2,2,5,3,https://new-s3.shelterluv.com/profile-pictures/8caf16e74d01ad0147e58a2f272a1e82/d7d8042cd67199d0987426b5916cca1c.jpg
Cat,Quotes,4,Domestic Shorthair,Unknown,4.22,2,3,2,2,2,3,3,https://new-s3.shelterluv.com/profile-pictures/c07e445514cd9a94d4556c76ec214418/003f38bd94727a2e736d85cd507ccdb7.jpg
Cat,Wyatt,6,Domestic Shorthair,Unknown,6.2,1,3,2,2,2,3,3,https://new-s3.shelterluv.com/profile-pictures/a9e9452e2b04b2b6bda805b347cf2754/59c1b7a6ea65bd6912d0cf1162ec01db.jpg
Cat,Willow,6,Domestic Shorthair,Unknown,5.5,1,3,2,2,2,3,3,https://new-s3.shelterluv.com/profile-pictures/07853cf188b92255e9decb8d7bad44da/8d65e0a2ecd288f6a062fa7b9b3c1c78.jpg
Dog,Dove,5,Mixed Breed (Medium),Unknown,23.8,4,3,4,2,2,5,3,https://new-s3.shelterluv.com/profile-pictures/432859e31f9e16b92987c92146428af0/535b5c57c8bf9fa3c07e207c39c42a98.jpg
Cat,Alloy,7,Domestic Shorthair,Unknown,3.47,2,2,2,2,2,2,3,https://new-s3.shelterluv.com/public/img/profile_photo/default_cat.png
Cat,Bartok,7,Domestic Shorthair,Unknown,2.87,2,2,2,2,2,2,3,https://new-s3.shelterluv.com/public/img/profile_photo/default_cat.png
Cat,Mr. Peabody,111,Domestic Shorthair,Unknown,10,4,3,3,2,2,4,3,https://new-s3.shelterluv.com/profile-pictures/3326546ca3c10b9fa5d0404e51dc89de/ffc31ea27b96252abd2ffc6985df77cd.jpg
Dog,Bingo,28,Mixed Breed (Medium),Unknown,53.1,3,2,4,2,2,4,3,https://new-s3.shelterluv.com/profile-pictures/2b1d0dbaf5979c483c1f89ca835c67b4/bcb110576edac148eebe1ce5db6eb088.jpg
Cat,Pinky,4,Domestic Shorthair,Unknown,3,2,4,4,2,2,5,3,https://new-s3.shelterluv.com/profile-pictures/5ba11e7e4aa85e462eaa469c0db95897/0b7dc711b636da826b92719fc672e206.jpg
Cat,Jolene,3,Domestic Shorthair,Unknown,4.02,2,3,2,2,2,3,3,https://new-s3.shelterluv.com/profile-pictures/670d44d77648228caa251842278fc583/df5ea7a7ba90c3dba6e7bc636026f2b5.jpeg
Cat,Hank,3,Domestic Shorthair,Unknown,4.42,2,3,2,2,2,3,3,https://new-s3.shelterluv.com/profile-pictures/0d08dcbaa94f72ab77bb78ad9c52fdfa/55f3b0407fbbd38f4bb473544e892cc8.jpeg
Cat,Hillary Kitt,199,Domestic Shorthair/American Shorthair,Unknown,7.02,2,2,2,2,2,2,3,https://new-s3.shelterluv.com/profile-pictures/d201c9e9c970871e2859f18a32716f02/b24d2353acf5aff91d5a01a531323811.JPG
Dog,Hops,3,Mixed Breed (Medium),Unknown,21,3,2,2,2,2,4,3,https://new-s3.shelterluv.com/profile-pictures/9280683231c28deee2cc266bc1aa0cf5/f227cc043ff0d5dfd9b606273d3d16c0.jpeg
Dog,Star Jasmine,3,Mixed Breed (Medium),Unknown,17.196,3,2,2,2,2,4,3,https://new-s3.shelterluv.com/profile-pictures/35dc57c2dcfcc78c1c957d7ac088657d/c578d353602a89690d2609efebe10472.jpeg
Cat,Jello,5,Domestic Shorthair,Unknown,4,2,2,2,2,2,3,3,https://new-s3.shelterluv.com/profile-pictures/da9423fc027b0251623efcefabe97218/988a4d027948407010a69a60bed6a1a6.jpg
Cat,Sweet Potato,3,Domestic Shorthair,Unknown,4.61,2,2,2,2,2,4,3,https://new-s3.shelterluv.com/profile-pictures/124b678f699e8ee2b291c07a6722f576/20f8ba16039e2674866a358971bcdd77.jpg
Dog,Charlie,98,Mixed Breed (Small),Unknown,21.6,3,4,3,2,2,4,3,https://new-s3.shelterluv.com/profile-pictures/fe2943c2a135c611f52e1a19b947b3d4/23aca82e7cd6371ebc96d3f44cdf0e49.jpg
Dog,Abigail,4,Mixed Breed (Medium),Unknown,14.6,4,3,4,2,2,5,3,https://new-s3.shelterluv.com/profile-pictures/c6b17089dffc38160b968757054d9e99/cf4cf7aad0b5f0979604b7021dfc9473.jpg
Dog,Sullivan,4,Mixed Breed (Medium),Unknown,14.8,3,4,4,2,2,4,3,https://new-s3.shelterluv.com/profile-pictures/96cde403e82ba5bcc5a1a01383fd15ef/60e30b9d43cdff4799d1b80e02fbc0ec.jpg
Cat,Sweet Pea,6,Domestic Medium Hair,Unknown,4,2,3,2,2,2,3,3,https://new-s3.shelterluv.com/profile-pictures/ab746915d19838414c8e547a2d127e2b/0138d10c46b85ec2c681e4621348c5f5.jpg
Dog,Leela,4,Mixed Breed (Medium),Unknown,17.4,2,2,2,2,2,2,3,https://new-s3.shelterluv.com/profile-pictures/15c6d54ab5970a469c66b6fb3d052759/e02240b6e73cba073caf48c81bd6ec4f.jpg
Cat,Julia,3,Domestic Shorthair,Unknown,1.5,2,2,2,2,2,4,3,https://new-s3.shelterluv.com/profile-pictures/e2da586a570815d6d07fbb3bac9f3a9b/1d0f78ae9cfc6e9f44a574fba0422b93.jpg
Cat,Maxine,2,Domestic Shorthair,Unknown,2.25,2,2,2,2,2,3,3,https://new-s3.shelterluv.com/profile-pictures/59f051dae0067f0ab24471b03880e8b4/f345a1f0537e807fbe8bad284b3bec34.jpg
Cat,Elm,2,Domestic Shorthair,Unknown,0.9877,2,3,2,2,2,3,3,https://new-s3.shelterluv.com/profile-pictures/4596d7da793887be7c35789410311873/3426aa6be11f70a1103e22ad421edf9c.jpg
Cat,Baldwin,2,Domestic Shorthair,Unknown,1.45,2,3,2,2,2,3,3,https://new-s3.shelterluv.com/profile-pictures/7457ee96d8ab160a8662f7cccdc081ff/f62d01fbb511e374c14f0b3725e3dbc8.jpg
Cat,Wheezy,15,Domestic Shorthair,Unknown,9.1,2,3,2,2,2,2,3,https://new-s3.shelterluv.com/profile-pictures/cedac45aa78f68e550540b1ae694a63a/e11954255cc27f860576d9a5e8c50198.JPG
Dog,Juni,8,Mixed Breed (Medium),Unknown,38.4,5,4,4,2,2,4,3,https://new-s3.shelterluv.com/profile-pictures/ec83ba32809b4242a9566c57ff19d439/03be6149767c54be82809757dcc70e8b.jpg
Dog,Juno,8,Mixed Breed (Medium),Unknown,38,5,4,4,2,2,4,3,https://new-s3.shelterluv.com/profile-pictures/365f66024351562ac74d89d9732d58e6/26a4144284d9b8a5ef96f8b9f9afd08e.jpg
Cat,Rose Bud,101,Domestic Shorthair,Unknown,10.04,2,2,2,2,2,2,3,https://new-s3.shelterluv.com/profile-pictures/3208f16c16bd72b63d71999bd97f9cc1/20c5375d998b1efa725db8b19ee17b83.jpeg
Cat,Buttercup,89,Domestic Shorthair,Unknown,10.36,2,2,2,2,2,2,3,https://new-s3.shelterluv.com/profile-pictures/df2a065f562aa01bf3ad83ab1bd1aaeb/196fcac1d13de6742ddc489aca79c9e3.jpg
Cat,Radar Love,122,Domestic Shorthair,Unknown,14.7,2,2,2,2,2,2,3,https://new-s3.shelterluv.com/profile-pictures/fff2891a6eab0f85fae970fa1462eedc/afe7443609c2bd8d7fa0fd95f141bf3b.jpg
Cat,Ruth,5,Domestic Shorthair,Unknown,3.29,1,4,2,2,2,2,3,https://new-s3.shelterluv.com/profile-pictures/bd8fff63b315927862fef5e703505186/c70fdd4ab393eb23ca1300cacded1b26.jpg
Cat,Mabel,5,Domestic Shorthair,Unknown,4.11,1,4,2,2,2,1,3,https://new-s3.shelterluv.com/profile-pictures/ccac73a5c9ccc024cfc72e38367fe91b/a8c7d12e5073e386582b195827e77c10.jpg
Cat,Ralph,5,Domestic Shorthair,Unknown,4.41,1,4,2,2,2,2,3,https://new-s3.shelterluv.com/profile-pictures/d2eb5ce24b4cb617faaec6b1be64928a/35437941f18d3fbf80ad5214f712dec2.jpg
Cat,Silly Straw,6,Domestic Shorthair,Unknown,4.94,2,4,2,2,2,4,3,https://new-s3.shelterluv.com/profile-pictures/b1966f400958c1f3ab38d27daaac5dae/c368248162782e9d437d593ef3493fa8.jpg
Dog,Oliver,73,Mixed Breed (Small),Unknown,11.6,4,2,2,2,2,4,3,https://new-s3.shelterluv.com/profile-pictures/70557875fe2b4c92153846df82cd32be/788a072bc4b771a02d9cb2c6669be7d3.jpg
Cat,Eva,49,Domestic Shorthair,Unknown,14.4,2,3,2,2,2,3,3,https://new-s3.shelterluv.com/profile-pictures/0e778101c4405aed74e6ade71a59fa0d/0fddcec1de957f0c601b58812071b0e5.jpeg
Cat,Ada,16,Domestic Shorthair,Unknown,8.6,2,5,2,2,2,3,3,https://new-s3.shelterluv.com/profile-pictures/0b441f5c476ee97573d8dcd932204bab/548959d664b611613eab7cb14b3168fd.jpg
Dog,Stormi,5,Mixed Breed (Medium),Unknown,23.6,3,2,5,2,2,5,3,https://new-s3.shelterluv.com/profile-pictures/60d737425878d11223adbb7cce1bd8be/e271c7d22d002323866413eab3421388.jpeg
Cat,Artie,29,Domestic Shorthair,Unknown,12.6,2,5,2,2,2,5,3,https://new-s3.shelterluv.com/profile-pictures/b13d0bb5d22f8b928b497ca169641279/5ad214635fb8c6191a7ac9db137e3a2d.JPG
Dog,Dixie,7,Mixed Breed (Medium),Unknown,49.8,3,2,2,2,2,4,3,https://new-s3.shelterluv.com/profile-pictures/a3137de7ceede8540e0d7e4dfd86c82c/efd3942874cf3bf13f5127a2397b746d.jpg
Dog,Penny,19,Mixed Breed (Medium),Unknown,46.6,5,3,2,2,2,5,3,https://new-s3.shelterluv.com/profile-pictures/f76909c7fdb46de651b71f58304af545/1c04d9f024bc380260758b15ea148adb.jpg
Cat,Bobo,3,Domestic Shorthair,Unknown,2.54,2,3,2,2,2,4,3,https://new-s3.shelterluv.com/profile-pictures/e6e2c950d98929f8d8f152d51067d0ad/1fa97381115b742ca6ec0fadddc7fba4.jpg
Cat,Belle,109,Domestic Longhair,Unknown,5.03,2,4,3,2,2,2,3,https://new-s3.shelterluv.com/profile-pictures/80af8eeda4b5e0b48d3331a30c26aef3/e6886483aaabef6fccafa84f9933fa26.jpg
Cat,Squishmallow,54,Domestic Shorthair,Unknown,16,2,1,3,2,2,3,3,https://new-s3.shelterluv.com/profile-pictures/846fa3caff4920351e3cc335c715e42b/16c981e24971f130bad3fb2539a66991.jpg
Cat,Ozzy,13,Domestic Shorthair,Unknown,9.09,3,1,3,2,2,3,3,https://new-s3.shelterluv.com/profile-pictures/521c08004931f593dc6e874747d96e95/0d3f90b2f1a910b8c5d88f7477e71592.jpg
Cat,Lyle,8,Domestic Shorthair,Unknown,6.45,5,5,2,2,2,5,3,https://new-s3.shelterluv.com/profile-pictures/9123a062e9cbdfe6c2e437c2010f44f7/c0f09e22f115f9c7424628e977b18e92.jpeg
Cat,Elvira,12,Domestic Shorthair,Unknown,5.41,3,5,2,2,2,2,3,https://new-s3.shelterluv.com/profile-pictures/1d92b3c8e79700fc8d43efcf3cc41fc9/7ca12ee3d6b79ee84fbfcd1cde43c41f.jpeg
Cat,Aspen,2,Domestic Medium Hair,Unknown,2.4,2,3,2,2,2,3,3,https://new-s3.shelterluv.com/profile-pictures/269b9b1a32c8e6e24740640abd869603/2f910459704e84b3f724db99fb7e31c7.jpg
Cat,Bentley,2,Domestic Shorthair,Unknown,2.12,2,3,2,2,2,3,3,https://new-s3.shelterluv.com/profile-pictures/0d273102de61a042bf7fc1416d08a7c7/964a9d3dc5e9789a5250d409b586ef2b.jpg
Cat,Birdie,2,Domestic Shorthair,Unknown,2.21,2,3,2,2,2,3,3,https://new-s3.shelterluv.com/profile-pictures/7d09bbd7e6e27303d1645cdbdb688dab/d7ed3b40383783c660e86afa5f7d2937.jpg
Cat,Simon,2,Domestic Shorthair,Unknown,2.1,2,3,2,2,2,3,3,https://new-s3.shelterluv.com/profile-pictures/4efa9caad638b034f7f52d38e516f0a1/3ccb3591cfc7fe202472dae34cf9966c.jpg
Cat,Dot,8,Domestic Medium Hair,Unknown,5.09,2,3,3,2,2,5,3,https://new-s3.shelterluv.com/profile-pictures/32ed4c0486c6f3278393085d4a531110/0ec69d8b84d57d2f7e19226248f5678a.jpeg
Cat,Baby Bird,2,Domestic Medium Hair,Unknown,1.06,2,3,2,2,2,3,3,https://new-s3.shelterluv.com/profile-pictures/f31474b3949bc12adc6eac6054f34fda/4f46d432b3683bea2b985a167160ace9.jpg
Dog,River,65,Mixed Breed (Large),Unknown,79,5,1,1,2,2,4,3,https://new-s3.shelterluv.com/profile-pictures/650e0ee9eab45c7480a632150adab372/9ddc5bed3d807629e20b03f122496a66.jpg
Cat,Gunther,6,Domestic Shorthair,Unknown,7.08,2,4,2,2,2,3,3,https://new-s3.shelterluv.com/profile-pictures/bc71f8da227a511cd6138d14f01fbcfe/fedd8c32a734471dda5e6867505b75df.jpg
Dog,Chip,84,Mixed Breed (Small),Unknown,20.6,2,2,2,2,2,2,3,https://new-s3.shelterluv.com/profile-pictures/ea7137afc8d64b8973fd29209e1e84c4/2a52d0cc0ac369d77801fa9605de0531.png
Cat,Pax,22,Domestic Shorthair,Unknown,11,2,4,4,2,2,3,3,https://new-s3.shelterluv.com/profile-pictures/e00496d3f7def43699d06cf92c75b7bc/bd31d0e84b676f20115a5eb246a97777.jpg
Cat,Macherie,100,Domestic Shorthair,Unknown,10.32,2,3,2,2,2,2,3,https://new-s3.shelterluv.com/profile-pictures/d07760a3650d76a6422da62f0420f373/368f6515055c01ddc553590f045db828.jpeg
Cat,Torch,2,Domestic Shorthair,Unknown,2.6,2,2,2,2,2,2,3,https://new-s3.shelterluv.com/profile-pictures/718e849a00912814a9ceea6e9cacbe25/5bb688f2d47333ba77246d8637d17ac9.JPG
Cat,Asher,10,Domestic Shorthair,Unknown,12.5,2,2,2,2,2,2,3,https://new-s3.shelterluv.com/profile-pictures/e1ab2c1c3535e76cd66af40f89e869b8/c3976aa685c3922d090afd3a83505e21.jpg
Dog,Alvin,26,Mixed Breed (Medium),Medium (25-59),50.6,2,2,2,2,2,2,3,https://new-s3.shelterluv.com/profile-pictures/670f124ace8513be5e3b3d7c45da6167/22397a1f9d28971056e1ecdc05055075.jpeg
Dog,Charles Barkley,53,Mixed Breed (Large),Large (60-99),73.4,3,2,2,2,2,3,3,https://new-s3.shelterluv.com/profile-pictures/7f65c336d38fa427ef2ef7cab476955b/738f02e81b233a5c653aa11752d7a4c2.jpg
Cat,Bella,116,Domestic Shorthair,Unknown,9.8,3,3,2,2,2,3,3,https://new-s3.shelterluv.com/profile-pictures/cd2bda471f7e0a9d3c426d64cd7705c3/049ba22fa168a5d93f0bc2afd8b42e96.jpg
Cat,George,213,Domestic Shorthair,Unknown,8.2,2,1,2,2,2,3,3,https://new-s3.shelterluv.com/profile-pictures/6ca28464bca90f352f2953d2258b03b8/20230913145941.png
Cat,Orion,29,Domestic Shorthair,Unknown,9.43,2,4,2,2,2,3,3,https://new-s3.shelterluv.com/profile-pictures/92eb90ac592e7f32218f9b00634c4aac/20230913150650.png
Dog,Jack,78,Mixed Breed (Large),Medium (20-59),64,3,2,2,2,2,3,3,https://new-s3.shelterluv.com/profile-pictures/20f1d8e6e1655a5e47cc46098a8c510d/20221128055210.png
Dog,Bunji,45,Mixed Breed (Medium),Medium (20-59),69,1,1,4,2,2,5,3,https://new-s3.shelterluv.com/profile-pictures/803b61dce7d2ead8deb5f4b59ca5c3dc/20240321085217.png
Cat,Angie,14,Domestic Shorthair,Unknown,3.7699,2,3,2,2,2,3,3,https://new-s3.shelterluv.com/profile-pictures/1ad072c53ed425b76c912f2df10785d4/20241027085227.png
Cat,Tuulikki,14,Domestic Shorthair,Unknown,6.2,2,4,2,2,2,5,3,https://new-s3.shelterluv.com/profile-pictures/24f364e48d6fa38e78438f7718b4fded/e99db07f9e89ad99ea8ba92ceec61990.jpg
Cat,Bubbles,15,Domestic Shorthair,Unknown,8,2,3,3,2,2,2,3,https://new-s3.shelterluv.com/profile-pictures/dbbf6f6893e90aa557e4fa676c5a7a2d/199e1089eceb697f5ed3917f7f03b192.jpg
Cat,Lana,91,Domestic Shorthair,Unknown,0.0,2,3,2,2,2,3,3,https://new-s3.shelterluv.com/profile-pictures/1d736d9c93a3578b710ce97e47a6f0f7/1451d1f16bd48621dc1df017c19eb740.jpg
Cat,Spinach,43,Domestic Medium Hair,Unknown,10.3617,4,1,1,2,2,2,3,https://new-s3.shelterluv.com/profile-pictures/be7417431f2bb98f792026bf341c0678/c4bd901388aabb3eeef5085f87560a1a.JPEG
Dog,Declyn,28,Mixed Breed (Medium),Unknown,70,4,2,4,2,2,5,3,https://new-s3.shelterluv.com/profile-pictures/33892eb5b95238ca3d4a72aea86a4621/cf64393524ecaf58119bba74c87ccbf0.jpg
Dog,Lil Blizzy,39,Mixed Breed (Medium),Medium (25-59),56.6,3,3,3,2,2,2,3,https://new-s3.shelterluv.com/profile-pictures/afc64ba2d4cf35f31e5b7a6f60a7e29f/f5dda6a11520ced2e7e25018ba0ab48d.jpg
Cat,Jenny Fromdabloc,14,Domestic Shorthair,Unknown,6.02,2,2,2,2,2,1,3,https://new-s3.shelterluv.com/profile-pictures/b35b672de36fc941db7d9f70372a56f9/9a1d1a88d94bc8ef982317e3764ab847.jpg
Dog,Dapper Dan,11,Mixed Breed (Large),Unknown,48.6,3,2,3,2,2,2,3,https://new-s3.shelterluv.com/profile-pictures/6edff2daddef3404888591ab16da894d/af6001c92a9e1924ab1e9026eff58941.jpg
Cat,Chew Chew,169,Domestic Shorthair,Unknown,13.95,1,4,2,2,2,4,3,https://new-s3.shelterluv.com/profile-pictures/875f52a2e3503461da13d6d6ff6bbb32/48e7e973e4697b5a2ae8b22ec2101568.jpg
Cat,Neehna,14,Domestic Shorthair,Unknown,12,2,5,2,2,2,3,3,https://new-s3.shelterluv.com/profile-pictures/75f5a3baff5e9b0db6c85cc9cbeab32e/da734b3e195976bd880eeeab6f76ed2b.jpg
Cat,Ruby Soho,18,Domestic Shorthair,Unknown,0.0,2,3,2,2,2,2,3,https://new-s3.shelterluv.com/profile-pictures/22b410aca5673b438bbaceb5a1afe698/223f8d6ac9d5442ae854652b63cf42c5.jpg
Cat,Thunder Rosa,18,Domestic Shorthair,Unknown,9.3,2,3,2,2,2,2,3,https://new-s3.shelterluv.com/profile-pictures/ce867b7e2cbc79296da5221f65a003b8/3fef2f1ac4b50f104ced3660f7f8d232.jpg
Cat,Francine Smith,13,Domestic Shorthair,Unknown,6.52,2,2,2,2,2,1,3,https://new-s3.shelterluv.com/profile-pictures/00efbf369e4133c457be67e27f7a909c/dec190e310438abe0e37225ef528f527.jpg
Dog,Squeezee McCheezee,19,Mixed Breed (Medium),Medium (25-59),35,4,2,2,2,2,3,3,https://new-s3.shelterluv.com/profile-pictures/54c1196fd42fa27749638a7620d40925/1da9d349cba80647d23eb4bc44ed6cff.jpeg
Cat,Francesca,22,Domestic Shorthair,Unknown,8.8626,2,3,3,2,2,3,3,https://new-s3.shelterluv.com/profile-pictures/5845cdf9c18399f06ef818ece8afccdb/0b7f61f3afa85be10c9cd2b70853120b.jpg
Dog,Tonka,19,Mixed Breed (Large),Medium (25-59),52.8,3,2,2,2,2,4,3,https://new-s3.shelterluv.com/profile-pictures/56ce28bc5f39d88aa5b09816599c5e87/9bc3134faa37f6c21fe6e8ba572ba546.jpg
Cat,Poptart,11,Domestic Shorthair,Unknown,6.3,2,2,2,2,2,4,3,https://new-s3.shelterluv.com/profile-pictures/f59c83436d489f4b7200140a3549a76a/6f212eb06a9ed6649ea212bc055ee863.jpg
Cat,Wonton,67,Domestic Shorthair,Unknown,8.1571,2,2,2,2,2,2,3,https://new-s3.shelterluv.com/profile-pictures/b6184065fad294f0c768fcbd6b433575/da2ba969dc30dc7efc628524fdc6df71.jpg
Cat,Stitch,5,Domestic Shorthair,Unknown,4.6,2,4,2,2,2,3,3,https://new-s3.shelterluv.com/profile-pictures/fd9af7c3e3b66fa6c0c0c0a7692b9303/35d16aca1a07c17f58f7de1fd11ef178.jpg
Cat,Snake Pliskitten,4,Domestic Shorthair,Unknown,4.762,2,4,2,2,2,4,3,https://new-s3.shelterluv.com/profile-pictures/d592aa4b6250bb4a58f24b0e0f2a60f7/aa9becdd7309ded5a19a26b6653e5a6e.jpeg
Cat,Peanut Butter,4,Domestic Shorthair,Unknown,5.1368,2,3,2,2,2,3,3,https://new-s3.shelterluv.com/profile-pictures/d5ac5b850b2435533ce85e78792a48f7/675a2095c490cb3bdfe64c60b4e08d2d.jpg
Cat,Maureen,4,Domestic Shorthair,Unknown,5.247,2,3,2,2,2,3,3,https://new-s3.shelterluv.com/profile-pictures/1258927a88c85d35fa13d97009a5ad7c/d8e494c74e2ea9b414ff4f97d9e78c72.jpg
Cat,Thing 1,4,Domestic Shorthair,Unknown,5.3572,2,3,2,2,2,3,3,https://new-s3.shelterluv.com/profile-pictures/4a2175fc5fc0252be1d97ee5ba9e6b27/497e959225110849d0aacdb5448c8442.jpg
Cat,Tiptoe,7,Domestic Shorthair,Unknown,5.63,2,2,2,2,2,2,3,https://new-s3.shelterluv.com/public/img/profile_photo/default_cat.png
Cat,Eeyore,7,Domestic Shorthair,Unknown,5.1809,2,2,2,2,2,2,3,https://new-s3.shelterluv.com/public/img/profile_photo/default_cat.png
Cat,Jalapeño ,7,Domestic Shorthair,Unknown,4.3431,1,3,3,2,2,3,3,https://new-s3.shelterluv.com/profile-pictures/5b6707bc5f088b85f3d8d665894e7942/72e4ea4426da9d337e47df0685181aeb.jpg
Cat,Ralphie Girl,51,Domestic Shorthair,Unknown,9.4,3,1,2,2,2,4,3,https://new-s3.shelterluv.com/profile-pictures/88ccfc517770c79e57a37b54f70642d1/42ad488252df6cba5f57ec7b6071a7b3.jpg
Dog,Nola,14,Mixed Breed (Large),Unknown,53.8,3,3,3,2,2,4,3,https://new-s3.shelterluv.com/profile-pictures/c07cb9ef6461437eb2cd19d1af739dfc/838527e5bcf4671110fab653cc34a3a3.jpg
Cat,Peppa,38,Domestic Shorthair,Unknown,8.2673,2,5,2,2,2,4,3,https://new-s3.shelterluv.com/profile-pictures/e49d43ca04556d41d60a3a7fd63415bd/25b0a42c069236ab60568724d38fe89b.jpg
Cat,Junebug,5,Domestic Shorthair,Unknown,5.2911,2,3,2,2,2,3,3,https://new-s3.shelterluv.com/profile-pictures/80b966920bb1911c27ff870d3c1ecae2/cccbb067b06d3e6aeb0609c9de20f49f.jpg
Cat,Axyl,68,Domestic Shorthair,Unknown,12.79,4,4,3,2,2,4,3,https://new-s3.shelterluv.com/profile-pictures/e3c3545ffb257e9a37b510c6e7245fec/3178efca969f324366898f900c3ffcbe.jpg
Dog,Lettie,27,Mixed Breed (Medium),Medium (25-59),36.4,2,2,2,2,2,3,3,https://new-s3.shelterluv.com/profile-pictures/898e01312743b146d4f86173b02944e5/36a5a2ca2ff16574dafda3665703241a.jpg
Cat,Mona,15,Domestic Shorthair,Unknown,6.76,2,2,2,2,2,5,3,https://new-s3.shelterluv.com/profile-pictures/3c607a1c5b2a5f2c1976dc8244f32219/c7f9ee6e5055c318981130cf6068949d.jpg
Cat,Alton Brown,26,Domestic Shorthair,Unknown,7.55,2,3,2,2,2,4,3,https://new-s3.shelterluv.com/profile-pictures/3f6ab75c327ad20f7b8cd9e3d86ab9fc/f99701e3d10027bab55a929ad64321ff.JPG
Cat,Serena,6,Domestic Shorthair/Domestic Shorthair,Unknown,4.6297,2,3,2,2,2,3,3,https://new-s3.shelterluv.com/profile-pictures/446b3ed02168d7edc26059de7951f301/9da7a0a297946e076bb7af4190c68602.jpg
Cat,Carina,6,Domestic Shorthair,Unknown,3.5,2,3,2,2,2,3,3,https://new-s3.shelterluv.com/profile-pictures/2dd509f202650224c18cda82bdffbaeb/2f8eb4e9ebd603f4de11f0ce9fdc7943.jpg
Dog,Echo,16,Mixed Breed (Medium),Medium (25-59),50.6,4,2,2,2,2,3,3,https://new-s3.shelterluv.com/profile-pictures/45af84c7f7a40cda620a87f42af4c1d7/09fa8e2ffe1bc6c0d920f75a678a5734.jpg
Cat,Scotty,122,Domestic Shorthair,Unknown,10.95,2,3,2,2,2,2,3,https://new-s3.shelterluv.com/public/img/profile_photo/default_cat.png
Cat,Sneaky,86,Domestic Shorthair,Unknown,7.2,2,3,2,2,2,3,3,https://new-s3.shelterluv.com/profile-pictures/14c41d68b303437e30c1076957e1e1a7/efeb2f34d12508f568a5e7d0d70d7b54.jpeg
Cat,Louisa May Alcatt,3,Domestic Shorthair,Unknown,3.82,2,3,2,2,2,4,3,https://new-s3.shelterluv.com/profile-pictures/9e7df0ecbf863492bdd03b788d3bd797/f033a1f49ddaa62e83ed2b26f706b453.jpg
Cat,Pawscar Wilde,3,Domestic Shorthair,Unknown,4.13,2,3,2,2,2,4,3,https://new-s3.shelterluv.com/profile-pictures/368a843d662837ac17fd060f647b861d/bc9cd6e18dda8c4ce9fd7f3d6a49f4ee.jpg
Cat,Jane Pawsten,3,Domestic Shorthair,Unknown,3.53,2,3,2,2,2,3,3,https://new-s3.shelterluv.com/profile-pictures/5477d8d6c55c7b77dae7955811d00b64/456625c8f6cf1513ba1426872769783f.jpg
Cat,Yard Stick,4,Domestic Shorthair,Unknown,4.2,2,2,2,2,2,2,3,https://new-s3.shelterluv.com/profile-pictures/2a7f9f249cece7f5f638c92e30ffe432/bb7a684a3d0c1451defb89032018cfbb.jpg
Cat,Silver,13,Domestic Shorthair,Unknown,10.7,2,4,3,2,2,4,3,https://new-s3.shelterluv.com/profile-pictures/f1a7fab44dc084460b7e773e31cfb4e2/6337244f5f5e8400130442cda45082ee.jpg
Dog,Swiffer,25,Mixed Breed (Large),Unknown,46.2,4,2,2,2,2,4,3,https://new-s3.shelterluv.com/profile-pictures/ddc932848fd62cb0e968104f117e09a0/01fce91bc5c7fa5de0e5166f9353c5b6.jpg
Dog,Flo-Jo,4,Mixed Breed (Medium),Unknown,15,2,2,2,2,2,5,3,https://new-s3.shelterluv.com/profile-pictures/165891725d4049d5181bb8baf2401054/97cf29e28a4bd2bc91084f673b86692c.jpg
Dog,Dash,4,Mixed Breed (Medium),Unknown,15,2,2,2,2,2,2,3,https://new-s3.shelterluv.com/profile-pictures/20adb88700d3f72b5bdc5f483dd108d0/855231aa9be740d0d19c202c1b9ac901.jpg
Cat,Harmony,18,Domestic Shorthair,Unknown,6.7,2,2,2,2,2,2,3,https://new-s3.shelterluv.com/profile-pictures/1230c2a8d5be620bd39c8c3bb6caa6f1/a8ef94db939f64749911d1100078fb2d.jpg
Cat,Lyric,2,Domestic Shorthair,Unknown,1.9401,2,2,2,2,2,2,3,https://new-s3.shelterluv.com/profile-pictures/dac3b280a7414608c529dda1ce1cf2c5/a7624f00c89fc88e7c7772af31e668a4.jpg
Cat,Tempo,2,Domestic Shorthair,Unknown,1.8519,2,2,2,2,2,2,3,https://new-s3.shelterluv.com/profile-pictures/efd37929760a6231bb8c722961e053a5/655447145df9dcafcabacd858da43953.jpg
Cat,Johnny,6,Domestic Shorthair,Unknown,7.38,2,3,2,2,2,5,3,https://new-s3.shelterluv.com/profile-pictures/1200927449aff4b65543d57bbe06ef49/612f7b2f1752edd2f865d7fc3eac623c.jpg
Cat,Jeremy,6,Domestic Shorthair,Unknown,7.93,2,3,2,2,2,5,3,https://new-s3.shelterluv.com/profile-pictures/533e9409039ff8c018059655f4ae4b58/06b63ecb7a4161c9aac5bc8de1b64193.jpg
Cat,Gordo,2,Domestic Shorthair,Unknown,1.85,2,3,2,2,2,3,3,https://new-s3.shelterluv.com/profile-pictures/66a250798fd1a2f1443a4d17e8b8ffe7/d425826cf1a84c8eaf63f8d647bca0c7.jpg
Cat,Lizzie McGuire,2,Domestic Shorthair,Unknown,1.34,2,3,2,2,2,3,3,https://new-s3.shelterluv.com/profile-pictures/e1227cbd75cd7b2391797fd8baf7065d/9140284b401387a4026b365b026176b4.jpg
Cat,Calypso,5,Domestic Shorthair,Unknown,5.5,2,2,2,2,2,3,3,https://new-s3.shelterluv.com/profile-pictures/29fad23762bd295456f4a37984974ab1/ea1662b4b344001b1374042a805feb72.jpg
Cat,Merv,2,Domestic Shorthair,Unknown,2.38,2,2,2,2,2,2,3,https://new-s3.shelterluv.com/profile-pictures/0263abd6429493e23ec940f25b261e0e/de14dd3a0bd881c420933961de86853e.jpg
Cat,Pomni,9,Domestic Shorthair,Unknown,4.8,2,2,2,2,2,4,3,https://new-s3.shelterluv.com/profile-pictures/a084bcd5dd6bbb80914fc174ecbec655/2c6a05bfbc3bf24c43ac188ca26c5864.jpg
Dog,Miles,4,Mixed Breed (Medium),Unknown,21,2,2,2,2,2,5,3,https://new-s3.shelterluv.com/profile-pictures/5f789fd5c7f9ba85d1e3a19d7b86ef32/afa92d023ac7412064a9ed6f03540382.jpg
Cat,Sanji,48,Domestic Medium Hair,Unknown,5.6,2,2,2,2,2,2,3,https://new-s3.shelterluv.com/profile-pictures/f296b5e30e661cf84ccb20b555177cbe/cf1cc1dcd9bd09d90e911055d1790fd7.jpg
Cat,Lord Picklejuice,2,Domestic Shorthair,Unknown,2.62,2,2,2,2,2,2,3,https://new-s3.shelterluv.com/public/img/profile_photo/default_cat.png
Cat,Rey Meow-sterio,1,Domestic Shorthair,Unknown,1.22,2,2,2,2,2,2,3,https://new-s3.shelterluv.com/public/img/profile_photo/default_cat.png
Cat,Rhea Ripley,1,Domestic Shorthair,Unknown,1.13,2,2,2,2,2,2,3,https://new-s3.shelterluv.com/public/img/profile_photo/default_cat.png
"Rat, Unspecified",Tumbleweed,28,Unknown,Unknown,0.0,2,2,2,2,2,2,3,https://new-s3.shelterluv.com/profile-pictures/78198c7a44e1855218c73129bb3e5afc/20240703102641.png
"Rat, Unspecified",Coyote,28,Unknown,Unknown,0.0,2,2,2,2,2,2,3,https://new-s3.shelterluv.com/profile-pictures/6939b45c2eaa74b5d868719c5990c68a/20240703102509.png
Dog,Lulu,118,Mixed Breed (Medium),Medium (20-59),56.6,1,1,1,2,2,2,3,https://new-s3.shelterluv.com/profile-pictures/246cd2a4b7fd8b625de5116768bfedd5/20240321083823.png
Dog,Lucy,150,Mixed Breed (Medium),Unknown,28.4,3,1,4,2,2,4,3,https://new-s3.shelterluv.com/profile-pictures/d08a9f9202a55d5d0116fec8fd41a80d/20191121113253.png
Cat,Billy Idol,5,Domestic Shorthair,Unknown,1.97,2,3,2,2,2,3,3,https://new-s3.shelterluv.com/profile-pictures/3ba596b72c266137688bd91ac0b5bf6b/7c2474ccdc974d6ade062f65aacbe991.jpg
Dog,Gunther,39,Mixed Breed (Medium),Unknown,54.6,3,4,2,2,2,5,3,https://new-s3.shelterluv.com/profile-pictures/4df3b60790ed8a6288044dcf0a201640/c0d760a247857a6cc83fcf7586e6cf95.jpg
Cat,Apollo,47,Domestic Shorthair,Unknown,7,2,2,2,2,2,2,3,https://new-s3.shelterluv.com/profile-pictures/cacc5bf532e322ac389150a2c404eca6/a7d34d4bd09e72e31d09dfbb8886076e.jpeg
Cat,Daredevil,1,Domestic Shorthair,Unknown,1.15,2,2,2,2,2,2,3,https://new-s3.shelterluv.com/profile-pictures/e8d6392191bd819fdc3a2c5e7b6e8a8b/6ce8c20420431921888a587aa56b763e.jpg
Cat,Coraline,1,Domestic Shorthair,Unknown,1.12,2,2,2,2,2,2,3,https://new-s3.shelterluv.com/public/img/profile_photo/default_cat.png
Dog,Scooby,85,Mixed Breed (Small),Unknown,21,2,2,2,2,2,2,3,https://new-s3.shelterluv.com/profile-pictures/1ed0cc1bc1fe1a187ee5a2eefc2c3190/03ac3970bce5c38f19a0dbbc6167d2aa.jpg
Cat,Ragu,54,Domestic Shorthair,Unknown,10.5,3,2,2,2,2,3,3,https://new-s3.shelterluv.com/profile-pictures/4de7623db4edd2f1f1f05ce3b6f1c814/150a2e6fdfe3ace464bb959c0cef9992.jpg
Cat,Brandy,24,Domestic Shorthair,Unknown,8.47,2,4,2,2,2,3,3,https://new-s3.shelterluv.com/profile-pictures/ae4d8f1eb46be9e69f990a08b07eea9f/66ad3a2347606ebc07a361b7b62bc194.jpg
Cat,Sylvie,12,Domestic Shorthair,Unknown,5.3,2,2,2,2,2,2,3,https://new-s3.shelterluv.com/profile-pictures/49b77d391a8f8c09c183c53c763ee5ac/ea006781dea0d61b0562ee0c3ab0f8e9.jpeg
Cat,Sophie,8,Domestic Shorthair,Unknown,5.6,2,2,2,2,2,2,3,https://new-s3.shelterluv.com/profile-pictures/f9f775145ec6e94aa235bd4f4ab454b0/b0a07a30972c26c6e383e6ab4c5482bd.jpg
Cat,Pizza,1,Domestic Shorthair,Unknown,0.8,2,2,2,2,2,2,3,https://new-s3.shelterluv.com/profile-pictures/de91158ea4a17e27bb556bb1a4285d47/8df9c437beffb9f6fb06e57a897de101.jpg
Cat,Naminé,1,Domestic Shorthair,Unknown,1.82,2,2,2,2,2,2,3,https://new-s3.shelterluv.com/profile-pictures/e8650c0c792c14d12c55796667e61cd8/e03608ae982e6fc4b65c598999e07d78.jpg
Cat,Sora,1,Domestic Shorthair,Unknown,1.45,2,2,2,2,2,2,3,https://new-s3.shelterluv.com/profile-pictures/3e505653f6f7f9edf0be023f4b818269/71779d00b71dd032abf24c17dd747c66.jpg
Cat,Jane Goodall,1,Domestic Shorthair,Unknown,1.0053,2,2,2,2,2,2,3,https://new-s3.shelterluv.com/profile-pictures/a804158d3f92216dd75e7ed63e3e5c1c/5089d0cda6585b2b1fd96f7dd8998c2e.jpg
Cat,FFL-Stray-18947,1,Domestic Shorthair,Unknown,0.0,2,2,2,2,2,2,3,https://new-s3.shelterluv.com/profile-pictures/d3459592ec5af09783af1964579e2689/ac853bd9a24f57d4339a32788f7f737b.jpg
Cat,Female Tuxedo,1,Domestic Shorthair,Unknown,0.8378,2,2,2,2,2,2,3,https://new-s3.shelterluv.com/profile-pictures/52d0f299ce95a7f29b212aed20296c08/622a239faa789e81b1a9e5f1ec9b63c5.jpg
Cat,Male Tuxedo,1,Domestic Shorthair,Unknown,0.0,2,2,2,2,2,2,3,https://new-s3.shelterluv.com/profile-pictures/bd3be23960c5b59024e897e3ee714cee/6dac36eada429e4e682175ba698ef2df.jpg
Cat,Grey Tuxedo,1,Domestic Shorthair,Unknown,0.6746,2,2,2,2,2,2,3,https://new-s3.shelterluv.com/profile-pictures/1e2cdb5c023f77f5decfee5ae2ce3119/eac34c63d8ce677d863c41509da28090.jpg
Cat,Dilute Tortie,1,Domestic Shorthair,Unknown,0.0,2,2,2,2,2,2,3,https://new-s3.shelterluv.com/profile-pictures/007bb8068eb24c2fe2e37ac70bd7efc9/e36fc49b740b6939243c6fc96f898319.jpg
Cat,Orange Male,1,Domestic Shorthair,Unknown,0.0,2,2,2,2,2,2,3,https://new-s3.shelterluv.com/profile-pictures/f410300846fbd7f27ecc2a2620f71296/3ec0f5032cd2cad5c35c12fffbe5f3ab.jpg
Cat,Daisy,17,Domestic Shorthair,Unknown,3.02,4,5,5,2,2,5,3,https://new-s3.shelterluv.com/profile-pictures/4bae7c321e404434923968ff3216b8cb/20240630073459.png
Cat,Hannah Meowtana,6,Domestic Shorthair,Unknown,2.0944,2,3,2,2,2,3,3,https://new-s3.shelterluv.com/profile-pictures/09c746dd3d53ecae16298be437bbbb34/72c702465a1ba085847610f66532cd1a.jpg
Cat,Jenna Meowdougall,6,Domestic Shorthair,Unknown,1.9842,2,3,2,2,2,3,3,https://new-s3.shelterluv.com/profile-pictures/949e3d60b8d2530bd73728c8893f8760/a3de65faa9a0dfb2e97b64251e9b97ed.jpg
Cat,Chester,6,Domestic Shorthair,Unknown,2.61,2,3,2,2,2,4,3,https://new-s3.shelterluv.com/profile-pictures/4c0ea0024946d095e741b61ab3e231cf/92d73ad703a546caacd4edc60950e461.jpg
Cat,Hamtaro,5,Domestic Shorthair,Unknown,1.5873,2,2,2,2,2,2,3,https://new-s3.shelterluv.com/profile-pictures/d496cbaaaa5e1d0e1f99e67745739a62/676a07f75dbb58099f97947d296faf7e.jpg
Cat,Jon Bon Jovi,5,Domestic Shorthair,Unknown,1.8916,2,3,2,2,2,3,3,https://new-s3.shelterluv.com/profile-pictures/83033a14a9edd586e66080c8a454ad4e/4046ed0dfa64067a6ced1a05024ff1bb.jpg
Cat,Annie Lennox,5,Domestic Shorthair,Unknown,1.5168,2,3,2,2,2,3,3,https://new-s3.shelterluv.com/profile-pictures/4f7ec4dddb405feef3cc77885bc583ac/747768f6088c64b288e126ccddfc6cc6.jpg
Cat,Honey Lemon,6,Domestic Shorthair,Unknown,2.6455,2,3,2,2,2,3,3,https://new-s3.shelterluv.com/profile-pictures/17f6a43a0a7be261650d874335a10765/aa87cc952231573cbbdc391043bb9108.jpg
Cat,Gogo Tomago,6,Domestic Shorthair,Unknown,3.2187,2,3,2,2,2,2,3,https://new-s3.shelterluv.com/profile-pictures/944708d2862c2ff6b0f949c1ab8f2556/88e8d9d789d2f84e62f2dffc04442d63.jpg
Cat,Rick Astley,5,Domestic Shorthair,Unknown,2.02,2,3,2,2,2,3,3,https://new-s3.shelterluv.com/profile-pictures/de083626aeec4cd8db27cf5ee359e69a/0044b536ec6234f141644a82a5bce485.jpg
Cat,Alan,5,Domestic Medium Hair,Unknown,1.5,5,5,5,2,2,5,3,https://new-s3.shelterluv.com/profile-pictures/994b37ccfea987ca79a9969f4f71e79f/5c0bbcc27cd00fdae959cd48d28cfdba.jpeg
Cat,Oliver,5,Domestic Shorthair,Unknown,1.58,3,2,2,2,2,3,3,https://new-s3.shelterluv.com/profile-pictures/65baebb2e41718aa72abacf4ddf061cc/3138ebd2b5562fbf78ba52332e377a61.jpg
Cat,Tweety,5,Domestic Shorthair,Unknown,4.85,2,4,2,2,2,4,3,https://new-s3.shelterluv.com/profile-pictures/055959ea083a5e57ac47f1e16071c446/27a702d019d70713a3eb5aa9d5698413.jpg
Cat,Sasha,5,Domestic Medium Hair,Unknown,4.56,2,3,2,2,2,3,3,https://new-s3.shelterluv.com/profile-pictures/b3eb410931e7335f42aa7d8200e9d158/e319ee58d2d3d46ca51ef5918a31a6b3.jpg
Cat,Ribeye,4,Domestic Shorthair,Unknown,2.62,2,3,2,2,2,3,3,https://new-s3.shelterluv.com/profile-pictures/302fef4aa9d9616a38ae3e6fefa3fa17/af212d317f5d99280ab69b26c25aa8fb.jpg
Cat,Gunther,4,Domestic Shorthair,Unknown,3.12,2,4,4,2,2,2,3,https://new-s3.shelterluv.com/profile-pictures/ab2028e5da2cff9ac7132ca43375aeac/9c49d7837acd1e0e1c2f3d9f1722245d.jpeg
Cat,Slurms MacKenzie,4,Domestic Shorthair,Unknown,2.8,2,3,5,2,2,5,3,https://new-s3.shelterluv.com/profile-pictures/9a46c8b43acee355e1fb9b8d118764cf/6bdd7f0a34114f634465c6cdbd267d49.jpeg
Cat,St. Claire,4,Domestic Shorthair,Unknown,2.65,3,4,2,2,2,5,3,https://new-s3.shelterluv.com/profile-pictures/9f3ef53cb214b649d1d1ad17d46638b1/cd749c9c4309d39fa3d8047f6c8336da.jpg
Cat,Quentin,5,Domestic Shorthair,Unknown,1.2655,2,3,2,2,2,3,3,https://new-s3.shelterluv.com/profile-pictures/aee2111bcce861481a219d6b477f8dd8/a2b00d3be75e0a2ef92bc03007a3577f.jpg
Cat,Stormy,5,Domestic Shorthair,Unknown,1.1023,2,3,2,2,2,3,3,https://new-s3.shelterluv.com/profile-pictures/4db5997e62364ff69b72ef65d54cb9b6/3d6fd5040b34e219ff5aaeb799920a4a.jpg
Cat,Charm,5,Domestic Shorthair,Unknown,2.36,2,3,2,2,2,3,3,https://new-s3.shelterluv.com/profile-pictures/1ecd357779a339a88c0656c67cc50ade/5bb16676ec0891f8ee2e53999b21ef65.jpg
Cat,Reese's Pieces,4,Domestic Medium Hair,Unknown,2.54,2,3,2,2,2,4,3,https://new-s3.shelterluv.com/profile-pictures/96dc046105e41d253aad7ee28e5148c8/44612f74e5ffdd893254c320f3b85d5e.jpeg
Cat,Ally,5,Domestic Shorthair,Unknown,1.64,2,3,2,2,2,3,3,https://new-s3.shelterluv.com/profile-pictures/6b878c8db19b93e629536a0ab8797bce/46f82be35be2d5466dcf463fe03e0cec.jpg
Cat,Cassian,5,Domestic Shorthair,Unknown,4.47,2,3,2,2,2,3,3,https://new-s3.shelterluv.com/profile-pictures/4a161ebc928193ab78570804e49f493c/a0c0dd7e41b46b4128c085adbd5f6030.jpeg
Cat,Moody,5,Domestic Shorthair,Unknown,3.72,2,3,2,2,2,3,3,https://new-s3.shelterluv.com/profile-pictures/e53f74fc2fc1f093ccc1a719fa010472/96a57694050b24724719e97b39d3b622.jpeg
Cat,Big Blue,4,Domestic Shorthair,Unknown,2.35,2,3,2,2,2,3,3,https://new-s3.shelterluv.com/profile-pictures/20671cc867d7c0af8f3a09c98c4f6168/59b8eea5b038e05c42793f018c0f389d.jpg
Cat,Thing 2,4,Domestic Shorthair,Unknown,2.04,2,3,2,2,2,3,3,https://new-s3.shelterluv.com/profile-pictures/2ba218b9c974003c13a9c421e53a861a/4a0cb3830acfbb212d390c0e66d3f4d9.jpg
Cat,Smokey,4,Domestic Shorthair,Unknown,2.16,2,3,2,2,2,3,3,https://new-s3.shelterluv.com/profile-pictures/41dbfbecf140318811f0742938bb5485/0716a56bc9e7d8e8455daccc0f0a23cb.jpg
Cat,Rory,6,Domestic Shorthair,Unknown,5.7,1,3,2,2,2,3,3,https://new-s3.shelterluv.com/profile-pictures/1c7381f4e9710c3831feb16970cfcb02/6880a7a00523fd0dc2a401c12104cac6.jpg
Cat,Thomas,6,Domestic Shorthair,Unknown,6.99,1,3,2,2,2,3,3,https://new-s3.shelterluv.com/profile-pictures/f072b93a4f2e403545ca807c4d928634/0de1f899c936127f4875cc05ce2b2060.jpg
Cat,Xerxes,4,Domestic Shorthair,Unknown,1.26,3,5,2,2,2,3,3,https://new-s3.shelterluv.com/profile-pictures/48a244caffe57907cd1b0e83b8f2535e/6fc58fe628538e766c51adef97b69f93.jpg
Dog, Oriole,5,Mixed Breed (Medium),Unknown,0.0,4,3,4,2,2,5,3,https://new-s3.shelterluv.com/profile-pictures/05276ca262df4bddc414ed9ba746cf3a/9bfd2835bc120728936c74f9562973de.jpg
Dog,Chickadee,5,Mixed Breed (Medium),Unknown,25.7,4,3,4,2,2,5,3,https://new-s3.shelterluv.com/profile-pictures/1b07532bc15bfb365ad255183c05d599/1d6f5a6997c30c070598e68941f66077.jpg
Dog,Blue Jay,5,Mixed Breed (Medium),Unknown,11.9,4,3,4,2,2,5,3,https://new-s3.shelterluv.com/profile-pictures/a38d68c0a4e6adc3a100ac8253642f80/3762c3e2c7d3d13d3130c3e4168cac51.jpg
Dog,Finch,5,Mixed Breed (Medium),Unknown,34,4,3,4,2,2,5,3,https://new-s3.shelterluv.com/profile-pictures/abc3bea907f80b1736df5716d92b1e90/fedcf0797c2f4eee4fc98defb5397b5b.jpg
Cat,Lilo,5,Domestic Shorthair,Unknown,4.91,3,5,5,2,2,5,3,https://new-s3.shelterluv.com/profile-pictures/79cb3df6198fd4eba5f173dc959be497/b6fc49c28c2c8c8f3b33656335dbd718.jpg
Cat,The Brain,3,Domestic Shorthair,Unknown,2.18,2,4,4,2,2,5,3,https://new-s3.shelterluv.com/profile-pictures/58393dad88e77ba07d2952fc7472ffc0/fddd43e56df574516c5b468061b4b30f.jpeg
Cat,Basil,3,Domestic Shorthair,Unknown,4.65,2,2,2,2,2,2,3,https://new-s3.shelterluv.com/profile-pictures/1b6b136ff2f66e8e7912285425a964a2/6c5f026eb16a3131a98df28717c7fcd2.jpg
Dog,Bougainvillea,3,Mixed Breed (Medium),Unknown,17.4165,3,2,2,2,2,4,3,https://new-s3.shelterluv.com/profile-pictures/4be938e992323dac3ba312dc854a87b1/d16d4a1dad7c7fb49139c3c1d30037fe.jpeg
Dog,Briar,3,Mixed Breed (Medium),Unknown,16.9756,3,2,2,2,2,4,3,https://new-s3.shelterluv.com/profile-pictures/042c4eff5ed22dd1567acecea27af37e/757ba184f34829a7f0c1e2519404175f.jpeg
Dog,Trumpet,3,Mixed Breed (Medium),Unknown,17.637,3,2,3,2,2,4,3,https://new-s3.shelterluv.com/profile-pictures/0e51583569ff136a74303867869a60d3/f52f476a40d47e656606ee672e6c7666.jpeg
Cat,Tillie,5,Domestic Shorthair,Unknown,4.5415,2,5,4,2,2,4,3,https://new-s3.shelterluv.com/profile-pictures/9eb2d577548a564c5b6acb56bd048ed1/84d76101dbb7320fb218d6d967ad675c.jpg
Cat,Maisey,5,Domestic Shorthair,Unknown,4.8061,2,5,4,2,2,4,3,https://new-s3.shelterluv.com/profile-pictures/51f6792c83f23fc1d5627085ccf92845/0dfc2e2610520fcd392dd37ff7061dd6.jpg
Cat,Patchouli,4,Domestic Shorthair,Unknown,2.66,2,3,2,2,2,3,3,https://new-s3.shelterluv.com/profile-pictures/a2da93bb847a0856450787b61bea9df9/535da71f3dfc6addb229ce90f746723c.jpg
Dog,Miko,4,Mixed Breed (Medium),Unknown,14,5,4,4,2,2,4,3,https://new-s3.shelterluv.com/profile-pictures/805a580c59b5b2fa23fa9539e90d348f/4a245f3e588ec9a0338152d97f3eb624.jpg
Cat,Guy Fieri,4,Domestic Shorthair,Unknown,2.13,2,4,2,2,2,4,3,https://new-s3.shelterluv.com/profile-pictures/c10caa3aa8c7923f2e5ccaf1d1066f6e/c2459561e730df16dbec7898e3ed512c.JPG
Cat,Cat Cora,4,Domestic Shorthair,Unknown,1.52,2,3,2,2,2,4,3,https://new-s3.shelterluv.com/profile-pictures/c3fcafd1a39884fb85ae760a3b8cf12d/637e6091b6691b8af441b6d24bce153d.JPG
Cat,Paula Deen,4,Domestic Shorthair,Unknown,2.02,2,4,2,2,2,4,3,https://new-s3.shelterluv.com/profile-pictures/cb12b3940824115d949d152b3713496f/6726d644523cf581cd271a8a41fc96af.JPG
Cat,Fiona,4,Domestic Shorthair,Unknown,2.65,2,2,2,2,2,4,3,https://new-s3.shelterluv.com/profile-pictures/911e6057f54eaaeaaae214097ad3f59d/d49d6127cfd52d4586ce85cc2a850da0.jpg
Cat,Big Foot,3,Domestic Shorthair,Unknown,0.4674,2,2,2,2,2,2,3,https://new-s3.shelterluv.com/profile-pictures/3eefde514599a5bf0b5020bc007b0ef8/eb551cf37f2904efd54a1dc79c4fc5c2.jpg
Dog,Snuffles,4,Mixed Breed (Medium),Unknown,10.8,4,2,4,2,2,4,3,https://new-s3.shelterluv.com/profile-pictures/868151ca7c4fe6e288ac5860bd234e6c/21ee958d3e0be99022ac23417c6b62f5.jpeg
Dog,Fei Fei,4,Mixed Breed (Medium),Unknown,9.6,4,2,4,2,2,4,3,https://new-s3.shelterluv.com/profile-pictures/84ba2fb574e48dadfda1283af5eb9c05/3426ce184b004300d77109426fedb990.jpeg
Dog,Gilbert,4,Mixed Breed (Medium),Unknown,2.53,3,4,4,2,2,4,3,https://new-s3.shelterluv.com/profile-pictures/911f85ac9784f03997662f979c1c0a03/9a2e6f927e8e3a7ede32ff75aa8c7c66.jpg
Cat,Chicken,4,Domestic Shorthair,Unknown,2.6,2,3,2,2,2,3,3,https://new-s3.shelterluv.com/profile-pictures/9e3146c9e532853ae539649055d88210/bf1b0bd59745092c17d648272fea7c51.jpg
Cat,Nugget,4,Domestic Shorthair,Unknown,2.75,2,3,2,2,2,3,3,https://new-s3.shelterluv.com/profile-pictures/0e99996773d8f1f4f7f3955de6dd73b6/c5e1af00d2af9df9db77798a752aee31.jpg
Dog,Stella,3,Mixed Breed (Small),Unknown,5.3,5,1,2,2,2,5,3,https://new-s3.shelterluv.com/profile-pictures/ec6f7a564cc184414bf32c4d4ce9e91f/6f567ce33372fa6429bd33e466208738.jpg
Cat,Wendy,4,Domestic Shorthair,Unknown,2.71,2,5,5,2,2,5,3,https://new-s3.shelterluv.com/profile-pictures/1e2e8c47a84d58ce4645cdb403386e7a/88785b96e2ed65860c52966e23268e34.jpeg
Cat,Sammy,4,Domestic Shorthair,Unknown,2.41,2,2,2,2,2,2,3,https://new-s3.shelterluv.com/profile-pictures/fdf0b901e982e52b345dd4f77d4f2c33/5b2f86710f905520dd33b80cc79f7566.jpeg
Cat,Miku,4,Domestic Shorthair,Unknown,2.25,2,5,5,2,2,5,3,https://new-s3.shelterluv.com/profile-pictures/be9aa8bac4e729747d288f75503fbdd7/e7047c2892842ec1696aaf57009421dd.jpg
Cat,Yuffie,3,Domestic Shorthair,Unknown,1.165,2,3,2,2,2,4,3,https://new-s3.shelterluv.com/profile-pictures/8b7fec22e3651ec659421f2fccb36215/2b48d741b437c19530d464628b46cef5.jpg
Cat,Tifa,3,Domestic Shorthair,Unknown,1.18,2,3,2,2,2,4,3,https://new-s3.shelterluv.com/profile-pictures/62cc13071154011791ec9e128628fd41/7176a700fbd206f27fc5bac2f3d6c3c3.jpg
Cat,Cloud,3,Domestic Shorthair,Unknown,1.39,2,3,2,2,2,4,3,https://new-s3.shelterluv.com/profile-pictures/36e4bcb5a9e92ad3ffd57a4a5d26b47b/0c8f55c5a884a4e4cf25798081b32a2a.jpg
Cat,Teddy Bear,2,Domestic Medium Hair,Unknown,2.57,2,3,2,2,2,3,3,https://new-s3.shelterluv.com/profile-pictures/928665668f38179aec29458489a03e3d/e2588ef04ec731f7c3345dfa140a8ad6.jpg
Cat,Marshmallow,8,Domestic Shorthair,Unknown,7.97,2,3,2,2,2,3,3,https://new-s3.shelterluv.com/profile-pictures/83d8f43a142d5bc134f6fd25b9e304ed/1270d87a48043e0ef9a39000916b237b.jpg
Cat,Gazpacho,13,Domestic Shorthair,Unknown,10.2,2,3,2,2,2,4,3,https://new-s3.shelterluv.com/profile-pictures/db91a7a5378e6e81613e3fc6e0b205be/95e6f0b543aa7d587242e56062bd5003.jpg
Cat,Snow Cone,16,Domestic Shorthair,Unknown,7.7,2,3,2,2,2,3,3,https://new-s3.shelterluv.com/profile-pictures/6089464dc1ab8eb449c4806bfddbe1c4/c8d9278f63139b2d9117b5a46ca05a8c.jpg
Cat,Daisy,5,Domestic Shorthair,Unknown,4.5856,2,5,4,2,2,4,3,https://new-s3.shelterluv.com/profile-pictures/2911557e7cd8ce08abcc1b02cb76933d/7bca3c01014a6133202461479fa027bb.jpeg
Cat,Julia Child,14,Domestic Shorthair,Unknown,8.9948,2,3,2,2,2,4,3,https://new-s3.shelterluv.com/profile-pictures/e8f2a762f6bed074fb10f540f7170bb6/a5a2d5dd1c3f6e8fa9fc6f5c843dd60e.jpg
Cat,Anthony Bourdain,4,Domestic Shorthair,Unknown,3.2187,2,4,2,2,2,4,3,https://new-s3.shelterluv.com/profile-pictures/2f6afc9f9c9a8a2e7c418e5f940d4d0e/761b142feab3a55533420665e5c6f266.JPG
Cat,Edgar Allen Paw,3,Domestic Shorthair,Unknown,4.53,2,3,2,2,2,4,3,https://new-s3.shelterluv.com/profile-pictures/7c3cab08cbdc6235f9182d05c14fb0d0/a4cc00eec714de3e32733be47a13601c.jpg
Dog,Ozzy Pawsborne,42,Mixed Breed (Medium),Medium (25-59),64,4,3,4,2,2,3,3,https://new-s3.shelterluv.com/profile-pictures/87d819f866cda9c50e5f0260d6bbd724/11aa14db711405e9f0f991a5b043f296.jpg
Cat,Whiteclaw,5,Domestic Shorthair,Unknown,5.65,3,3,4,2,2,3,3,https://new-s3.shelterluv.com/profile-pictures/5df4f9048469ca5a616fe1dce8772ba6/447eed3a3f2f9e8e81db2d2734d55631.jpg
Cat,Denis,4,Domestic Shorthair,Unknown,3.98,2,3,2,2,2,3,3,https://new-s3.shelterluv.com/profile-pictures/5a1155b6321460dac93ab8bbe5d580eb/5a21f5185356693c24ae877b4ce542e5.jpg
Cat,Lola,13,Domestic Shorthair,Unknown,7.25,2,4,2,2,2,4,3,https://new-s3.shelterluv.com/profile-pictures/a6ce721e5219c30fea29d106eb9368cb/02df43570b7de47495ae9ca55fd64a0d.jpeg
Dog,Bluey,28,Mixed Breed (Large),Unknown,71,4,2,2,2,2,5,3,https://new-s3.shelterluv.com/profile-pictures/e14338970e46274ce1310bbf07b8f3ca/023e72a368a17d50b438507b4674eefd.jpg
Cat,Maggie,2,Domestic Shorthair,Unknown,2.65,2,3,2,2,2,3,3,https://new-s3.shelterluv.com/profile-pictures/2a546336e4e4ce8b895993290051104d/ef793759a15642edf71cfe73c6b28faf.jpeg
Cat,Sticky Note,3,Domestic Shorthair,Unknown,1.55,2,2,2,2,2,3,3,https://new-s3.shelterluv.com/profile-pictures/234d5589fd185dd9eb1c2e5727818607/8ba679d8102a656057a6815102dfd0bf.jpg
Cat,Dizzy Lizzy,2,Domestic Shorthair,Unknown,1.8,3,2,3,2,2,4,3,https://new-s3.shelterluv.com/profile-pictures/1796a469c6b483cc4a355381cdae9aa1/fdbab3a4c642a18a423d6bdf855201b0.jpeg
Cat,Sampson,114,Unknown,Unknown,8.25,2,4,3,2,2,5,3,https://new-s3.shelterluv.com/profile-pictures/36db24c66dc2e87332b748362eb115e4/b267961f637fdf511c3464cd7f4e7e3c.jpg
Dog,Cleo,9,Mixed Breed (Medium),Medium (25-59),0.0,3,2,2,2,2,4,3,https://new-s3.shelterluv.com/profile-pictures/e20e724d447477a9dd67101cba8987b5/6f1885071c1a36bcfce9054a29a60822.jpg
Cat,Autumn,4,Domestic Shorthair,Unknown,3.7,5,5,5,2,2,4,3,https://new-s3.shelterluv.com/profile-pictures/73547ac461572a0e1a476ba60dff7ca1/7bcb20d7874962d7d2a96b1c652eff7a.jpg
Cat,Lily Bear,2,Domestic Shorthair,Unknown,2.11,2,3,2,2,2,3,3,https://new-s3.shelterluv.com/profile-pictures/bea83ebef9c1460232e6b42d563bfc54/95c8ad27114d148ae5c28776765384af.jpg
Cat,Candy,24,Domestic Shorthair,Unknown,8.6,2,3,2,2,2,5,3,https://new-s3.shelterluv.com/profile-pictures/507e99c7b4cc8526039e65330e2008f9/d193bcf1fce8cefd38f050a9c4102c5b.jpg
Cat,Potato,6,Domestic Longhair,Unknown,4.59,2,4,4,2,2,5,3,https://new-s3.shelterluv.com/profile-pictures/4f1fc8c4fa95665f61981e8dd6f0211d/dfb2ed22a03bef0cb4376d412a9b4e74.jpeg
Cat,Toeby,2,Domestic Shorthair,Unknown,2.64,2,3,2,2,2,3,3,https://new-s3.shelterluv.com/profile-pictures/d063fd8fb7c734f0f35833c1db02ded7/c1037d78e38820f84edc17f07335d9a8.jpeg
Dog,Moo Cow,26,Mixed Breed (Medium),Unknown,47.6,2,2,2,2,2,2,3,https://new-s3.shelterluv.com/profile-pictures/9380191e379124fbc0f335e007925916/a2a2c491b045c5c1f3eb2a6af48434e4.jpg
Dog,Scarlett,1,Unknown,Unknown,0.0,3,2,3,2,2,2,3,https://new-s3.shelterluv.com/profile-pictures/7a19526cbf303dc4752632bb4d2b0f1b/a56c49ea57176dee77d0a36d746a839e.jpeg
Dog,Tedward,34,Mixed Breed (Large),Large (60-99),64,3,2,4,2,2,4,3,https://new-s3.shelterluv.com/profile-pictures/e994e942f5bf33e78432835fc54e42c9/20240711122554.png
Dog,Shiki,34,Mixed Breed (Small),Small (0-24),17.2,2,2,2,2,2,2,3,https://new-s3.shelterluv.com/profile-pictures/cbb7b02a97973f9cdb97a0cd75f73011/ad74df72c627b299619949bff4e88700.jpg
Dog,Luffy,110,Mixed Breed (Medium),Medium (25-59),32.8,3,2,3,2,2,3,3,https://new-s3.shelterluv.com/profile-pictures/b6a48006ff75d74d03f03033ec2eaade/d6f1fc612738aba9ad70d6e240ab158e.jpeg
